-- phpMyAdmin SQL Dump
-- version 4.0.4
-- http://www.phpmyadmin.net
--
-- Värd: localhost
-- Skapad: 21 mars 2014 kl 15:21
-- Serverversion: 5.6.12-log
-- PHP-version: 5.4.12

SET SQL_MODE = "NO_AUTO_VALUE_ON_ZERO";
SET time_zone = "+00:00";


/*!40101 SET @OLD_CHARACTER_SET_CLIENT=@@CHARACTER_SET_CLIENT */;
/*!40101 SET @OLD_CHARACTER_SET_RESULTS=@@CHARACTER_SET_RESULTS */;
/*!40101 SET @OLD_COLLATION_CONNECTION=@@COLLATION_CONNECTION */;
/*!40101 SET NAMES utf8 */;

--
-- Databas: `submission`
--
CREATE DATABASE IF NOT EXISTS `submission` DEFAULT CHARACTER SET latin1 COLLATE latin1_swedish_ci;
USE `submission`;

-- --------------------------------------------------------

--
-- Tabellstruktur `age_class`
--

CREATE TABLE IF NOT EXISTS `age_class` (
  `compId` int(255) NOT NULL,
  `ageClass` varchar(4) NOT NULL,
  `discipline` varchar(40) NOT NULL
) ENGINE=InnoDB DEFAULT CHARSET=latin1;

--
-- Dumpning av Data i tabell `age_class`
--

INSERT INTO `age_class` (`compId`, `ageClass`, `discipline`) VALUES
(1, 'P14', 'Höjdhopp'),
(1, 'P14', 'Längdhopp'),
(2, 'P14', 'Kula'),
(1, 'P11', 'Sträckhopp'),
(2, 'P11', 'Kula'),
(1, 'P7', '100 m'),
(2, 'P11', '400 m'),
(1, 'P7', '1000 m'),
(2, 'P17', 'Trähopp'),
(2, 'H45', '1000km');

-- --------------------------------------------------------

--
-- Tabellstruktur `alldisciplines`
--

CREATE TABLE IF NOT EXISTS `alldisciplines` (
  `discipline` varchar(30) CHARACTER SET utf8 COLLATE utf8_swedish_ci NOT NULL
) ENGINE=InnoDB DEFAULT CHARSET=latin1;

--
-- Dumpning av Data i tabell `alldisciplines`
--

INSERT INTO `alldisciplines` (`discipline`) VALUES
('Flonk'),
('Bänkpress'),
('Strut'),
('100 m'),
('Böj'),
('Marklyft'),
('Knarklyft');

-- --------------------------------------------------------

--
-- Tabellstruktur `clubs`
--

CREATE TABLE IF NOT EXISTS `clubs` (
  `Name` varchar(30) CHARACTER SET utf8 COLLATE utf8_swedish_ci NOT NULL,
  `Phonenumber` varchar(30) CHARACTER SET utf8 COLLATE utf8_swedish_ci DEFAULT NULL,
  `Email` varchar(30) CHARACTER SET utf8 COLLATE utf8_swedish_ci DEFAULT NULL,
  `Adress` varchar(30) CHARACTER SET utf8 COLLATE utf8_swedish_ci DEFAULT NULL,
  `Zip` varchar(30) CHARACTER SET utf8 COLLATE utf8_swedish_ci DEFAULT NULL,
  PRIMARY KEY (`Name`)
) ENGINE=InnoDB DEFAULT CHARSET=latin1;

--
-- Dumpning av Data i tabell `clubs`
--

INSERT INTO `clubs` (`Name`, `Phonenumber`, `Email`, `Adress`, `Zip`) VALUES
('AlexKlubb', '', '', '', ''),
('Annasklubb', '03879438946', '', '', ''),
('Dagvalls IF', '1233456', '', 'Hemma', '14424 Hemma'),
('Emmas YK', '0735511822', '', '', ''),
('Hannes FK', 'soas', 'hannes@het.com', 'iosdhiosdioh', 'dsdship'),
('Hannes Nya Klubb', '073552211', '', '', ''),
('Marias IK', '', '', '', ''),
('Norrköpings IF', '', '', '', ''),
('Philips egna', '073555 5 555 ', 'philip@hej.com', '', ''),
('SebClub', '012862', '', '', ''),
('skräp', '1234', '', '', ''),
('Thereseesesesese', '98253810', '', '', '');

-- --------------------------------------------------------

--
-- Tabellstruktur `competition`
--

CREATE TABLE IF NOT EXISTS `competition` (
  `compID` int(11) NOT NULL AUTO_INCREMENT,
  `compName` varchar(40) NOT NULL,
  `compArr` varchar(40) NOT NULL,
  `compDate` date NOT NULL,
  `compLastDate` date NOT NULL,
  `compIcon` blob NOT NULL,
  PRIMARY KEY (`compID`)
) ENGINE=InnoDB  DEFAULT CHARSET=latin1 AUTO_INCREMENT=3 ;

--
-- Dumpning av Data i tabell `competition`
--

INSERT INTO `competition` (`compID`, `compName`, `compArr`, `compDate`, `compLastDate`, `compIcon`) VALUES
(1, 'GsomiGustavstävling', 'gustav', '2014-03-23', '2014-03-19', 0xffd8ffe000104a46494600010101004800480000ffe1006c45786966000049492a0008000000050031010200110000004a00000001030500010000005c0000001051010001000000010000001151040001000000130b00001251040001000000130b00000000000041646f626520496d61676552656164790000a0860100c8af0000ffdb004300080606070605080707070909080a0c140d0c0b0b0c1912130f141d1a1f1e1d1a1c1c20242e2720222c231c1c2837292c30313434341f27393d38323c2e333432ffdb0043010909090c0b0c180d0d1832211c213232323232323232323232323232323232323232323232323232323232323232323232323232323232323232323232323232ffc0001108012c012c03012200021101031101ffc4001f0000010501010101010100000000000000000102030405060708090a0bffc400b5100002010303020403050504040000017d01020300041105122131410613516107227114328191a1082342b1c11552d1f02433627282090a161718191a25262728292a3435363738393a434445464748494a535455565758595a636465666768696a737475767778797a838485868788898a92939495969798999aa2a3a4a5a6a7a8a9aab2b3b4b5b6b7b8b9bac2c3c4c5c6c7c8c9cad2d3d4d5d6d7d8d9dae1e2e3e4e5e6e7e8e9eaf1f2f3f4f5f6f7f8f9faffc4001f0100030101010101010101010000000000000102030405060708090a0bffc400b51100020102040403040705040400010277000102031104052131061241510761711322328108144291a1b1c109233352f0156272d10a162434e125f11718191a262728292a35363738393a434445464748494a535455565758595a636465666768696a737475767778797a82838485868788898a92939495969798999aa2a3a4a5a6a7a8a9aab2b3b4b5b6b7b8b9bac2c3c4c5c6c7c8c9cad2d3d4d5d6d7d8d9dae2e3e4e5e6e7e8e9eaf2f3f4f5f6f7f8f9faffda000c03010002110311003f00f7fa28a2800a28a2800a28a2800a28a2800a28a2800a28ac2f12f8bf43f08d8fdab5abe4801ff571f59243e8aa393f5e83b91401bb599abebda4f87ed4dc6afa8db59c5d9a690296f651d49f61935f3e78bff682d5b51df6de1ab7fecdb73ff2f3280f330f61caafea7dc5790deea17ba9ddb5d5fdd4f7770ff7a59a42ec7f1273401f49ebbfb43f866c0b26916777aa38380e479119fc5816ff00c76bcef56fda0fc5f7bb96c22b0d390fdd68e2f31c7e2e4a9ffbe6bcdadf46bdb8c110945f5938fd3ad69c1e195e0cf704faaa2e3f53fe154a2d89c9226bff0088fe32d489fb4f89752c1eab14e621f9260560dcea57f7849babdb89cb7532cacd9e73dcfad76163e0ff00b5e3ec9a65ddd9ec5119ff00f41ae8adbe18eb9281e5f8708e98f31554ff00e3c453e4eec9e7ec8f21a7c724913878dd918742a706bd9ffe153f897fe80307fdff0083ff008aa649f0a7c448a0bf87e2233d04909fe4d472aee1ccfb1e6169e2af10e9f8fb1ebba9c0074115dba8fc81aea34cf8d1e3bd30a83ac9ba8d7f82ea14933f56c06fd6afdefc3dd46dc16b9f0edd2a8eac90b6d1f8af15cedcf862d9599079d0c83aa9e71f5079a391f40e75d4f4dd17f691b952a9ae685148a4f32d8c85481fee3673ff007d0af4df0efc59f077891d62b6d556d6e5ba417a3ca6cf6009f958fb024d7ca73f86ee63c985d251e9f74febc7eb59535acd6cdb668990f6dc319fa7ad4b8b5b949a7b1f7c0218020e41e84504850493803a935f18785fe24f8a7c20c89a6ea4ef6abff2e973992123d00272bff0120d41e25f881e27f164adfdabaaccf01e96d11f2e203fdd5e0fd4e4fbd219f55eabf123c1da2394bef10d8ac8bf7922732b2fb1080907d8d73b2fc79f02236d5bcbc907f792d580fd706be57b7b1b9bae6285997d7a0fccd6847e1dba61967893db273fca9a8b626d2dcfa86cbe37f80eedf6b6af25b93c0f3ada403f30a40fc4d765a56bda4ebb09974ad4ed2f507de36f32bedfa80723f1af8b65f0fb4319924ba8954752c08159f6f7771a75eadc58ddcb0cf19ca4d039461ee08c11434d0269ec7deb457857c24f899e2ed76f134cd4b4a9f55b4042b6a514615a1ffae84e1587e4dd4fcc78af75a430a28a2800a28a2800a28a2800a28a2800a28a2800a28a2800a28a2800a42703350dcdd41656b2dd5d4c90c10a9792476015540c9249e82be65f8a1f18ee7c4ed2e8fa0c8f6da372b24a32b25d7ae7baa7b753dfd00076ff0010fe3ada690d2697e1631de5e8cac97adf34511ff67fbedeff00747fb5c81f3d6a9aaea1ad6a2f7da8ddcd777721f9a495b731f403d07a01c0ed505a59cd7b37970ae4f727a28f526bacd3b4686cf690be64c7ab91d3e9e95518b64b9246259787e7b801ee09863f423e63f876fc6ba8d2bc3c0b01676db88eb2b76ff811e9f415a56d6b1210f361dbfbbd87f8d698bed8a146140e001c015a28a5b19b93658b1f0b5aae1efee998ff00721e07fdf47fc2ba6b18f45d38036f616e187f13aef6fcdb247e15c97f681fef51fda07fbd434d82763d147899c0003e00e00147fc24cfff003d0fe75e75fda07fbd47f681fef51ca173d17fe1267ff9e87f3a3fe1267ff9e87f3af3afed03fdea3fb40ff7a8e50e63d17fe1267ff9e87f3a82eb58b6be4d9770c370bd312a061fad703fda07fbd47f681fef5160b9b57fa168779b9a28dad5cf789be5cffba723f2c5731a8f86668d584663bb87b80bf363dd4ff4cd5dfed03fdea3fb40ff007a9ab89d8e0afbc390b9260cc120eaa72467e9d454767a2456b86b851249eff747d3d6bb9b9786ed7f7aa0b7661c11f8d64cf6c53382193d7d3eb4b956e3e67b144360003a5366b84b785a590fcaa3269ef115e5791e95ceebd7459d2dc1f9546e6faf6ff3ef4376428abb28df6a12df4db9ce107dd40781ff00d7f7af59f859f069fc430c5ae788d1e2d2db0d6f6a32af723fbcc7aaa1ed8e5ba8c0c13c97c27f0941e31f1cdbd9de153656c86e674270645520051f52c33ed9afb091122454450aaa00000c0007400562ddcdd2b1158d85a69b671d9d8db456f6d18c2451285551ec0559a28a0028a28a0028a28a0028a28a0028a28a0028a28a0028a28a002a296548217965758e38d4b3b3100281c9249e8054b5f3d7c73f892669e5f08693391121c6a1321fbcdff3c811d87f17bf1d88201ccfc5af8a7378bef5f48d26568f4185ba8c86ba61fc4dfec83f757f13ce02f9ce9da7497f2e07cb18fbcf8e9ec3dea3b1b37bdb811af0a3966f415d6c11a5b42b144a028181efee6aa31beac994ada227b5b68ad621142a154753dc9f53ef56d2408303f3aa61f146fad8c4bde7d1e7d51df46fa00bde7d1e7d51df46fa00bde7d1e7d51df46fa00bde7d1e7d51df46fa00bde7d1e7d51df46fa00bde7d1e7d51df46fa00bde7d1e7d51df46fa00b0e41391c7b561eafa40ba2d71071301f32f66ff035a9be90b5269356634ecee8e4b4cd4af744d4e0bfb09e4b6bbb77df1c89c3291dbdc75041e08c835f5a7c34f88969e3bd172fb21d5ed947daadd7807b075cf553fa1e0f627e60d634d13a9b9857f78a3e651dc7afd6a9f873c417fe17d6edb57d365f2ee216ce3b3af7561dc11c7ff5c0ac5ab3364ee8fb9e8ac2f08f89ec7c61e1cb6d5ec1be4946248c9cb4520fbc87dc7ea083deb7690c28a28a0028a28a0028a28a0028a28a0028a28a0028a2909c0cd0070bf14fc70be09f09493c0ebfda7764c366a7190d8f99f1e8a0e7ea541eb5f20932dcdc12cccf2c8d9258e4b127b93debb3f8a7e303e32f1a5cdc44f9d3ed49b7b400e4145272dff02393f4c0ed5cf6916e066e1873d13fa9fe94d2bb137646a58db2d9db84182c7966f5356777bd57df46fad7632dcb1bbde8ddef55f7d1be8b858b1bbde8ddef55f7d1be8b858b1bbde8ddef55f7d1be8b858b1bbde8ddef55f7d1be8b858b1bbde8ddef55f7d1be8b858b1bbde8ddef55f7d1be8b858b1bbde8ddef55f7d1be8b858b1bbde8ddef506f349be8b858b1bbde8ddef55f7d1be8b858b1bbdeb9ed5ec8412f9f18c46e7903f84d6cefa6ccab344d1b0c823069495d0e2eccdef83be3aff8447c52b697936349d44ac73e4fcb13f4593db04e09f439ec2beb6af812689a199a36eaa715f597c17f18378abc1696f72fbaff004c2b6f312d92e98f91cfd4020fa9527bd646a7a4d145140051451400514514005145140051451400579ffc61f139f0d7c3ebc30bedbcbeff00448083c8dc0ee23d30a1b9ec48af40af997f687d7cdf78bacf458db3169d06f703fe7ac982723d9427e66803c76343248a83a938ae8a30b1c6a8bc05181591a7a7ef4bff0074607d4d68efab8912d4b1ba8dd55f7d1beaae4d8b1ba8dd55f7d1be8b858b1ba8dd55f7d1be8b858b1ba8dd506fa50c4d171936ea375440134f08c7b53d496d21dba9431a72c2c7b549e4055dce401ea78a6a2c875224432694fca324d35ee11788c6e3fde3d2ab990b1c939349d914aef7272f4f8d6498b08d19caa9660ab9c281924fb01dead685a16a3e22be16ba7405c8c1791b848c7ab1edfccf606bdcfc35e0fd3fc39a7b4088b3dc4cbb6e2775e641fddc765f6fcf35c788c5c28ab6efb1d7430d2aaefb2ee7802380dcf43d69eea5791c83c8adbf1bf85e5f0c6b055159ac2725addcf381dd49f51fa8c1ae7e0b909f2483287f315d34ea46a4534f4673d584a9c9a6b542ee346ea96580150f190ca7a11555b2a79aa69a22324f625dd46eaafbe8df45cab153558b76d980e7eeb7f4aebbe0e789cf86fe21592c8fb6d351ff00439b2781b88dade830c073d8135cccc04b1321fe21fad632b3c6e194956539041c104566f7345b1f7e51585e0ed747893c1fa4eb1905ee6dd5a4c74120f95c7e0c1856ed2185145140051451400514514005145140057c3fe35d58eb9e36d6b522e5967bc90c64ff007012147e0a00afaa3c6bf12bc39e16b1bb827d5623a9889c476d012f207c1da1b6fdde71f7b15f1c50068da0d9003dc9cd581b9ba026aaa36d4503b01528b975e8e7f1e6ad58895fa160239ed408dfd0d46b7b20eaea7eaa2a75d4587531ff00df354ac64dcd6c841139ec69c2ddcf634f5d531d5a3ffbe0d48357007de4fc12a928f73372abd1118b490f6352ad8c87f84d1fdb607f137fc0514534eb9e8b237d5b6ff2aab417526f5dec89c69cf8c9181ef4f5b203ab03f4e6a836b5267e58a31eed963513ead76fc79bb47a280b4b9a083d9d67bbb1b42d155771f957d58e0544f71650759039f4419fd7a5603cef236e77663eac734ddf49d45d1171a0dfc4cd797553c8863551fde6e4ff00855379de56dd23963ee692c6c6f753b816f636b35cca7f82142c7ea71d07bd7a1683f07757bd2b2eaf711d842704c69892523d38f957f33f4ac2a62231f899d34b0cdfc28f3c40f23aa46acccc70aaa3249f402bd1bc2df0a750d48a5d6b65ac6d4e18438fdf38f71fc3f8f3ed5ea3e1ff0006689e1a41fd9f660cf8c1b897e695bfe05dbe8a00ae963b763cb703f5af3ab63652f769ab799e853c2463acddfc8cbd2b48b2d26cd2cb4eb648205e76a8ea7d58f527dcd688880047527bd580814600c53596b81c7acb5675f3745a23075cd0acf5ed325d3efd3313f2ac3ef230e8ca7b11fe23a1af9e3c4fe1abff000b6a8d6976bba26cb433a8f9655f51e84771dbe9827ea0750e2b2b59d12cb5bd3e4b1d4201340dc8cf055bb329ec47ad6b87c44a84acf54cceb508d557ea7cbb15d3c072adc1eaa7a1ab06e209c73f237bf4fceba3f187c39d4fc36d25d5a86bcd3073e72afcd18ff6d47fe8438fa74ae237d7b94eb466af177478f56838bb35665e910af2391ea2a12d8eb5089597a31141949eb8354da124d6e4dbfdeb36e176cee074273f9d5adf55ae79707d45265a3e96fd9d756377e08bdd39d896b1bc2507f751c0207fdf41cfe35ec55f2a7c12f1b695e0fd67534d66e9adad6f6240b26c6601d58e3214120619b9ed5f4fe9fa9d8ead66979a7ddc1756cff7658640ca7f11dfdaa465ca28a2800a28a2800a28a2802bdcdcc1676b2dcdd4c90c10a9792476015540c9249e82be6cf88bf1b6fb5a9a5d33c3534b67a5e4ab5c2e526b8f707aa29f4182475c67152fc73f88526a9aac9e15d366c5859b62ed94ff00ad981fbbf453dbd73e82b82f03782af3c65aa9b789fc8b38806b8b92b90a0f403d58f61ec4f6a52928a6e5b0e316dd918361a6df6af782d6c2d67bab86e424485c9f53c76f7aef6cfe08f8aee2d5ae2e9ac6c422962934c59f0067a2023f5af76f0ff87f4af0be9c2cb4ab55863e37bf5791bd59ba93fa0ed8ab77b7304d6d35b49236d95191b675008c1c1e99e6bcf9e3e2b6d1799d90c237beacf8f3751bfdeac6b16f0d96b37d6b6fbfc886e248e332105b6ab103240009c019c015dcf833e1a43e26f0f0d4ee2fe5b767919635440c36ae064e7df3f957654af0a51e79bb239a14653972c56a79f6ef7a377bd7b00f81f6c7fe63d37fe030ff00e2aac47f032c360f335ab963eab0a81f964d62b30a0f67f81afd4eaadd1e2fbfde8dfef5ee70fc0cd1703cdd5350739e76845e3f106af43f04fc2d1e0bcda94bce7e79d47e1f2a8a3ebd4ba37f70bea950f9fb7fbd1bfdebe94b6f84de0d8304e926661fc525c487b7a0603f4adbb4f057866cce6df40d3d587466815987d0b02693c743a2652c24bab47cad6f6f717727976f04b33ff76342c7f215d169ff000efc5ba960c3a25cc6a7f8ae00880f7f98835f51c36ab046121856341d1514003f01530b773e83ea6a1e324fe1452c2c56ecf04d33e076ad3e1b53d52d6d41e4ac28d2b7d0e7681f8135db693f087c2fa6957b98e7d4251dee1f0b9f655c0c7b1cd7a42da8eedf9548b046bfc393ef594aad69eeec6b1a74a1b2b99365a75b58c02dec6d21b7897a24281547e02af25a13cb1c7b0aba00c607028acd525bbd4b751ecb42148553a0e7d4d29152114d229f2a5b11ccdee4645308a948a6115128969909150b0ab0c2a261584a26b1657751d3b5703e26f85ba1eb8cf716aa74ebb6c92d028d8c7d593a7e447e35e82c2a16159c6a4a9bbc1d996e119ab495cf9bf5bf869e25d199996d3edb00e92dae5ce3dd7ef0fcb1ef5c83878dca48acaca70558608fc2beb961595a968da6eaabb6fec2dae46300cb1a923e848c8fc2bae19aca3a5457f439e797a7ac1d8f9677fbd74de10f02ea3e387bc4d3ae6d617b45566170cca1b712060aa9f43595e28d39747f146a5628bb638676118f45272bfa115eadf02e0b5b6b1d4f526797ed0f2080ae414da0060718ceec93dfa76af4ead750a5ed2fa3b7e27053a2e55392c79df887e1d78a3c351b4d7da6bb5b2f26e2dc89100f52472a3fde02a8f86bc5bad784b50179a3dec903646f8f398e503b32f423afb8ec457d70972b22e54822bca3e21fc2ab4d4a09f57f0fc0b05f282f25a46b849fb9da07dd6f61c1f63cd634b1b19bb4bef36a9859455d1e87f0e7e2669de3db131955b4d5a15ccf685b208fefa1eeb9fc41e0f627bdaf84749d56fb41d62df52b095a0bcb57dc8c3a823a823b83c820f5048afb2bc0de2cb5f1a7856d757b70a8ec365c440e7ca946372fd39047b115da721d2514514005739e3af108f0b782f54d6011e6c1091083ce64621538ee3730cfb66ba3af1cfda32f9e1f0469f66a481717ca5b1dd5518e3f320fe1401f35013dedd606e96e267fa97663fa924d7d51e11d020f0b7872d74d842991577ceebff2d25206e3fd07b015f3e7c37b24bef1f6951c83291c8d37d0a2961faa8afa54b92a71d6bc8ccebb8b54d7a9e96069292737e825cdcb392884803a91deaad49b68db5f3f27293bb3d88a515647cb7e2443178a3568ce32b79303f839afa17c05682cfc0da3c58fbd6eb2ff00df64b7fecd5e17e3fb5369e3bd5e3231ba7f33fefb01bff66afa1f428d61d074e8d7a25ac4a3e8140af73329f350879ebf81e560a36ab3f23592a65150a54c95e6411dd2265a9540a896a65aea8239e43d40f4a940a60a9057444ca4c7814e029a29e2b6899362d145154485145140052114b4503184546454a6986a24522222a26a94d46d58491ac4858542d53b542f5cd246f1206a81eac3540f5cb346f13e7bf8b76bf67f1cc92818fb45bc72fe40affecb5d9fc1a423c317b26786bc231f445ff1ac0f8d51a8d7b4e90756b520fd0313fd4d765f09ed0c1e0582423fe3e26924fd76ff00ecb5eae2677cbe3e765f77fc31c14636c63fbced91da360ca4835a315c09103743dc567eda9222509f435e35294a2edd0f4aa41495fa9e1ff18bc329a5ebd1eb168816df50dc65551c2ca3a9ff0081039fa86ad5fd9fbc48da6f8be6d0a573f67d4e225013c09901607db2bb87be05755f15ed12f3c0379232e5eda48e64f63b829fd18d788f82ef9b4df1be8776a48f2afe166c775de011f88247e35f5381aaead14deeb43c1c5d350a9a75d4fb868a28aec3942bc47f692463e1bd11c0f956f1813e84a71fc8d7b7579bfc70d19f57f86579246a5a4b0952f140eb85cab1fc1598fe1401f3dfc2e9962f881a7ee380eb2a83ee636c57d12a7381eb5f296917f2695ab5a5fc432f6f32ca07ae0e71f8f4afa8ecef60bfb386eed9f7c3320911877046457819bc1a9c67d1ab1ebe5d24e0e3d517fcbf6a3cbf6ab16e5664c8ea3823d2a6f27dab8234b995d1d8ea59d99f3f7c68d2cdaf89acf5055c25dc1b49f564383ff8e95af65d31c49a65a385da1a1460be9951c5607c58f0e1d63c173dc429bae34f6fb42e3a95030e3fef9f9bfe022b4bc2b722efc29a44c1b25ad22dc739f982807f506baf14f9b0f4efd1b5fe473d056ab3b75d4de4a9d2a14e9532d72c0de44ab532d44b52ad7544c244ab522d46b520ae8898c878a78a60a7835ac4c98b4514b8aa109452e28c5002514b4d340c434c34e34c351229119a8daa4351b5612358913542d533542d5cf237890bd40f53b5412572d43781e2bf1adb76a9a4c617910b9c8ea72c38fd3f5af57f0de92748f0d69b60576bc36ea1c7fb58cb7fe3c4d70daee907c4df17f48b1dbbedecad56e6e075000727047b9d83f1af5af27dabbea26f0f4e9aed7ff23921a569cfe452f2fda9aebb466b43c9f6aceb8914c9b54e40efea6b82a47915d9d709733b2391f89732c7f0ff0055dc79758d547a9322d781f87d5a4f126968a0966bc84003b9de2bd3fe32eb6a2d6cf4489c1766fb44c01e8002141fa92c7f015cb7c22d15b5bf899a3a05262b597ed921fee88fe619fab051f8d7bf95c1c285df5773c7c7c93ab65d0fb168a28af44e20a82e6de1bdb59ad6e235920991a3911b90ca46083ec41353d1401f11f8dbc2d75e0ef14dde91701d911b75bcac3fd6c47eeb7e5c1f4208ed5d67c35f1d45a5edd13549765a3b7ee262788989e41f45279cf624e783c7bafc4bf87b6de3cd0b626c8756b705ad2723bf746efb4fe8707d41f93357d26ff43d4e6d3f52b692daee16c3c6e3047a1f4208e411c115957a31af07096c6b4aaba525289f54452b44c1e36c1fd08ad18b544c012c641f55e457cd5e19f88fabf87512d9c2df58af0b0cac4141e8add47d0823d00af44d3fe2d786ee917ed26e6c9f1f309232eb9f62b927f215f3d3c162b0f27c8af1f2ff0023d78e270f597bceccf559350b268d90a975604152a0823d0e6b9bd134e5d22c5ac22ff8f78e5736f939223662c01fa6e2bf402b9c93e27784554b0d54b91fc2b6f264fe6a0559f0cf8f34bf146a93d8d8a4ea628bcc0d2a85de3201c004f4c8ebeb59548e2a507cf1692d76b1a41d08c972caedf99da21c8153ad5688e462ac2d4537745cc996a65a856a55aea89cf2255a90544a6a406b78b329128a70351834e06b68b33689052e69a0d2d5a643168a4a28b80521a09a42686c6869a61a7134d26b3932d0c3511a909a889ac64cd22863542d52b544d5cf237890b55694fcd565ab3750bc8ec6c6e6f263fba8236918fb2824ff002ae49eba237869ab23d0ed2db4ed4f53d46e1375ddec8a3728c8589005551f9163ee7d856f36a56ca320393e805796d97c59f0cdd28fb4497168ddc4b11603e85739fcaad49f13fc251c659754690ff712de404fe6a07eb5d36c62f7791e9e461fecef5e6fc4eeae6fde705546c43e8793f8d733e26f13d8f85f4c37574fba56cac3003f34a7d07a0f53dbeb80783d6fe31c42368f44b062e7a4d758017e8a09cfe247d2bcbf53d56fb57be7bcbfb97b89dfab31e83d00e807b0e2b7c3e5b56acf9ebe8bb1956c6d3a71e5a5ab1756d4ee758d52e350bb72d3cefb98fa7a01ec0600fa57d19f00fc19268de1f9bc4179194bad4d544019705200720ffc08f3f40a7bd79dfc27f85571e2bbd8758d62068f4389b7286e0dd907eeaffb39ea7bf41ce48fa8d1122454450aaa00000c0007402be8124924b6478edb6eec928a28a620a28a2800ae5bc61e02d0fc6f6220d5adff007e80886ee2e248be87b8f6391f8f35d4d1401f2bf89fe0378a34691e4d255358b41c831109281ee8c793fee93f415e6d7fa36a7a549b351d3aeecdb38db7103467ff001e02bef1a2803e01adff00076b5fd83e29b2bf638855f64bfee37cac7f0073f502bec8d7742b4d7740d47489a3548afa168dd95464311c37b907047b8af89353d36e748d52e74ebc8fcbb9b695a2913d194e0fd47a1ef5328a945c5ecca8c9c649ae87d61138c8604107b8f4abab5e77f0c7c46badf8623b695f37760043202792b8f94fe431f506bd0207dc98ee2be55c1d2a92a72dd1f40a4aa414d752d2d48a6a25a916b7818c8941a905442a415bc59934480d381a8c1a7035a2666d12034b9a68340356992d0fcd19a6668cd3b858526909a09a69349b1a404d4669c4d34d4499490c26a326a43519ac64cd5119a89aa5351377ac246b12bccdb571dcd79afc5bd6c69fe181a7c6f89efdf6919e446b824fe7b47d09af439a4049627007ad7cd9e3df110f11f8a279e26cda41fb983dd413cfe2493f4c7a55e028fb5afcdd16bfe44e2ea7b3a56eaf4395a722348c1514b31e000324d7bb7ecede1532de5f78a2e23fddc2bf65b524757382ec3e8b819ff68fa57d06914710223454c9c9da00c9f5afa43c33e30d13e1c78c3c42ea2c742bb119ff0096d3c7e5478f5dcd807f0c9af67f057c01b0d2e68ef7c4f3c7a8dc2e0ada4408854ffb44e0bfd3007a822bdb28a008a38d21892289152340155546000380001d054b4514005145140051451400514514005145140057cebfb41782cdb5ec1e2cb38ff753e20bdc0e8e0611cfd40da4faa8ee6be8aacfd6749b3d7747bad2efe3f36d6ea331c89d0e0f707b107041ec40a00f8cfc1de2493c31e2086f465a03fbbb841fc687afe23823dc57d2b657914f0c5736f209219543a329e1948c823f0af99fc61e17bdf077896eb47bd19311dd14a0604b19fbac3ea3a8ec411dabb5f85be36fb14a9e1fd4a5c4121ff45918f08c4fdc3ec4f4f43c77e3caccb0ae6bdac375bf9a3d0c162145fb396ccf7a460ea18720d482b3ade6f2db07ee9ebed5a4b82010720d7994a6a48eea917163c53c5300a7815d28c58e14f069829c2b44431c0d2d34528aa44b1d494506980669a4d2d21a4c6869a69a71a69a8652186986a422a322b2916888d54b99368da0f27ad4f71388d703963d0572fe26f115a786f489750bb6c91c4516706573d00fea7b0c9ae5a8dca4a10d5b3785a2b9a5a2472bf147c58348d20e936b27fa6dea90e4758e2e84fd4f207e3e82bc5748d32ef5bd5ed74cb18cc97575208a31db24f53e807527b004d2eafaaddeb5a9cfa85e3ef9e66dc7d00ec00ec00c015eff00f01fe1ff00f6758ffc259a9c256eae50ad9230fb911eaf8f56e83dbfdeafa2c261d61e9a8f5ebea78f89aeeacefd3a1eafe18d06dbc2fe1bb1d1ad00f2eda20a5b182edd598fb9624fe35b14515d273851451400514514005145140051451400514514005145140051451401c1fc4ff87d6fe3cd00a44122d5ad416b499b804f7463fdd38fc0e0fa83f22ded95d69b7b359de40f05cc0e52489c61918750457dc9abeb9a5f87ec5af356bf82cedc7f1ccd8c9f403a93ec326be5cf8b9e33f0cf8cb578aeb44d3664b98fe496fdc84170a0600298c9c7186241c70474c00741f0ebe222dec7168baccdb6e940582e1cf128ecac4ff17a1eff005ebeb36d7663214fdcf4f4af8f8715ebbe01f88778238ec35a8a69add7e48efb616dbe81cf71efd7d73d478d8cc038b7568af55fe47a986c5a6bd9d5f933de1195d4152083dc5498ac1b5bcc2acb0b868d864107208ad8b7bd8e6c063b1fd0f7fa1ae4a55a32d25a337a94a51d56a8b005380a705a50b5d691ced8d02969db6976d5728ae328a7eda36d1ca2b8cc5348a93148568711dc8c8a6e2a52b51cae912ee7200f7a892b2bb293be8869154ee6e562c85c17f4f4a86e7502f958b207a9ea6b95f11f89adb41b46768e4baba6198ed6219763ea7d07bfe59ae39d57397252576ce98c14573d47645bd735db2d0b4f92ff00509c246bd075673d801dc9ff003815f3b78abc537be28d55aeee0ec8572b0c01b2b1aff527b9eff4c0a67897c45a9788b546b8d49997692a90721621e807e593d4d6442d124d1b4f199220c0ba2bed2cb9e4038382477c1c7a57ad82c0aa0b9a7ac9fe079d89c53abeec7447a47c23f869278cb565d4b5188ae8768e0be463ed2e39f2c7b7f78fa71d4e47d58889122a2285550000060003a002bccfe1efc51f05ea5a75a68d641745961511c5657042a9ff0075fa3124f7c3124f07ad7a857a0718514514005145140051451400514514005145140051451400514563788bc49a5f857489753d5ee560b64e00eaf2376551d493e9f89c004d006ac922451b49232a22825998e0003a927b578b78efe3dd9698d2d8785523beba1956bd7e614ff747573efc0e9d6bcc3e217c56d5fc6f33dac4cd63a306f92d51b99003c1908ea7be3a0f73c9e5340f0e6a5e22ba30d8c3b95799256e1231ea4ff41cd0045acebbaa788afdafb57bf9af2e5bf8a539007a003803d8002b4f45f04eadabed91a3fb2db1e7cd981048f65ea7f41ef5e97a0780b4cd115657417778307ce917853fec8e83ebc9f7ae9bc8f6ab51ee4b976388d33c07a4e9e15e588ddcc3ab4c32b9f65e9f9e6b6ae6cd440502285031b40e31f4addf23daa396db72118aa5644bd4c6f0a3dedadd5cdb5ac9b91409040e7e5c670db7d3a8aed2df518e63b1d4c328ea8fc7e47bd721607fb3b5fb79cf11b3ec7ff75b8fd383f857a14ba7453ae2440de87b8fc6b831797d2aeef6b3eebf53b30f8ca94b4dd7663e0bf9e1c00d951fc27915a116ad13604a850fa8e45627f664d0ff00a89491fdd7e690ace9feb6261eebc8af2e584c5d0f81dd1df1c461eafc5a33a98ee6da51f24c87d89c1fc8d4e029e41c8ae3c37b9a7acaca721883ec7159bc5548693a6ca58784be099d6ed1460572df69980c09a41ff0234d37121eb239fab1a3ebcba403ea8ff98ea1da34fbceabf5205559752b58f387de7d1467ff00ad5cf16a6ee663854763ec29aaf88a9a53830f654a1f1ccd59f58739112841ea793597717600325c4bf8b1a05addcbd9625f53c9a72691106df26657f56e7f4ad619757aaef59d97633963295356a4aefb98d797f7325bc8f6a9e54288ccf3b8ec064ed15c269b03cb334f2334934877348c72cc7eb5dff8b9c5b68c605e1ee182003fba396ff0fc6b9dd36cb62038af670f85a5423682f9f53ccaf5e755fbcca37ba158ea71ecbcb58a5e301997e61f461c8fc2b8ed5be1a361a4d2ae0e7af9339ebf461fd47e35ea5e47b51e47b574349ee629b47ce97fa75e6997060bcb792090740ebc1f707a11ee2bb9f04fc60f117845e3b69a53a9e96bc1b6b873b907fb0fc95fa1c8f6ef5e937ba4da6a36c6def2de39a26fe175ce0fa8f43ee2bcdbc49f0cee6d564bad14b5c42a0b35bb72ea072769fe21edd7eb50e36d8b4cfa4bc21e3cd0bc6b65e7e9575fbe500cb6b2e04b1fd46791ee323deba8af83ac350bed1efe3bcb1b896d6ee06ca49136d653fe7823bf435f487c33f8d36be2330e91e2268ad3566c24538c2c5727b0f4563e9d09e98c85a919ec34514500145145001451450014514500145159bae6b763e1cd1aeb55d4a6115a5baee76ee7b0503b927000ee4d0051f16f8b74bf066872ea7a9cdb5465628548df33e38551ebefd00e4d7c8be31f1a6abe36d69eff00529488c1220b6563e5c0be807af0327a9fc807f8e7c69a878e3c4126a57b94857296d6c1b2b0c7d80f527a93dcfb00076df0dbe19fdaa08b5fd721cc0df35adabafdff0047607f87d077ebd3a80737e14f87b73aac51ea1a987b7b13cc69d1e61ea3d17dfa9edeb5ebfa0e99058696f1dac090c45c285518180339fccf5ad3bc8b208038ab36d6fb2ca14c7f0eefcce6ad2b12f529f93ed4793ed5a1e4fb51e4fb555c467f93ed486df23a568f93ed4793ed45c0e5b53b1dc09db5daf872ebfb4b4789d8e668bf77267aee1dff001183f9d665cda0743c543e1eb8fec9d6764876c171847cf456fe16fe9f8d27aa05a1d8791ed4791ed5a1e57b51e57b54dc666359c6dd6353f515e75f10fc5d6fa12b695a6056d4dd7e7901c8814ffecc7b0edd7d2b6fe2278e53c376c74ed3dd5b5699739c6440a7f88ffb47b0fc4f1807c28892595e599da491d8b3bb1cb313c9249ea6bbb0b85753de96c7262713c9eec772af925d8bb92ccc72ccc7249f535b9e16f115c785b521205335948409e0ce370fef2fa30fd7a1f6cef2e90c7915e8cb0d0946d63ce8e224a57b9f49698f61ab69d05fd89496de650cac39fc0fa11d08ec6af8b700602803dabc0bc17e2fbaf08ea60316974c99879f00e71fed2fa30fd4707b11f4358dc5b6a5630ded9cab2dbcc8191d7a303fe7a578f5e83a32b743d7a159555e657f23da8f23dab43caf6acaf10deff66696ec8713c9f2443b827bfe1d7f2ac0d4e07c4337f69ebc5233ba1b6fdda7a16fe23f9f1f80ab36d6bb631c5374eb0c6188e6b6041818c5508a1e4fb51e4fb568793ed4793ed4ee067f93ed4e8a2db2ab638cf357bc9f6a3c9f6a2e079b788fc0165adbcde56db6bf46216603e57c740c3bfd7afd7a5790eada3df687a83d9dfc0d0ccbc83fc2c3b329ee3dff00ad7d357706cd40b63efaab7e98fe955b5df0a69fe2cd24d95ea059002619d47cd137a8f6f51dff002350d5c699cf7c22f8c2666b7f0d789a72d21223b4be91fafa2484f7ec1bbf00fad7bed7c33e24f0edf786359974dbf8f6c8832ae01db229e8ca7b83fa1c8ed5ef7f053e271d6608fc31ad4fbb50897fd0e773cce8a3ee127ab00339ee3dc1264a3dae8a28a0028a28a0028a28a002be57f8d9e3f3e26d7ce8d61293a569ce54953c4d30e0b7b81c81f89ef5ecbf187c627c25e0a985acbb352bf26ded883f32823e771f40700f62cb5f29e8ba4dd6bbacda697629bee6ea411a0ec09ea4fb01924fa03401ddfc25f007fc255aab6a5a8459d26c986e52389e5ea13fdd1c16fc077e3e879e20176850140c000600152e83a05a786bc3f67a4592810dba05dd8c176eacc7dd8e4fe3534b16735484ce7ae20ce78abbe46d0ab8fba00a9dedf2c38ef5398f9e94ee228f93ed4793ed57bcaf6a3caf6a00a3e4fb51e4fb55ef2bda8f2bda802818323a5655fd8eec902ba4f2bdaa29ad83a9e284c2c5bf0e6a06f6c44329ccf0801b3d597b1fe87ffaf526b1aa0b04f26101ae98703a851ea7fc2b0a08e6b2bb59e03875c8f620f6353c76cf24a65958b48c72cc7a934ada85cf39f1d786e4b8b61acc619e688627cf259739ddf813cfb1f6af3f58770c8afa3a4b78da1749554c654860df74ae39cfb62bc1f528ecad358ba8ec26171661cf96d8238f4c9eb8e99ef8cd7b79755734e0fa1e36634f91a9aea65f907d293c83e957fcf87fe79b7e629af3c65708983ea4d7a5ca794aa4bb0dd2b459b5ad561b08072c72ed8c8551d58fd3f9e2bdbb4473e1d58eda3466b2550a53a95c0c6e1efebeb5cdfc33b4d3ff00b3ee278e6596fd9b132e30d1af6033d41eb91c76ed5dbcb6a1d4f15e0e3eab954e4e88fa1c0d3e5a6a5d59d123c72422657531b2e4376c7ad705aadc36b1aa19067c84f9621edebf8ff85689fb4c5692da23910c87247a7ae3d33de92d6c8260915c0958ed7a915bda8441c54fe4fb55d1080318a5f2bda8b88a3e4fb51e4fb55ef2bda8f2bda98ca3e4fb51e4fb55ef2bda8f2bda80316fa0fdec4f8eaa57f23ffd7a9ed5318ab5770ee58f8e84d2c116314c473fe39f045bf8d7c3cf6e1553518017b498f186feeb1feeb743e9c1ed5f2e037da26aa08f32d6fece6ff75a2914fe84115f6ac098c57887c78f05886687c576316125221bd00747e8aff88f94fb81dcd43291eb9f0e3c6b0f8e3c2b0dfe556fa1c457910e36c807503fbac391f523b1aec6be3ff849e313e0ff001b40679b6e9b7c45bdd8278504fcae7fdd2739f42deb5f60521851451400514565f88b564d07c37a96ace011676d24c14ff1155240fc4e07e3401f2e7c6bf131f10fc41bab78e40d69a67fa2c401e3703fbc3f5dd91f4515d87ecf5e155925bef145cc79f2c9b5b424746201761f81001f7615e1934d24f34934aecf2484b3b1eac49c927f1afb4fc0ba08f0d782349d28a6d961814cc08e7cc6f99fff001e62280365d3355de3cf6aba56a32b4c4506879e94be5fb55a2940406802af97ed4797ed56b651b2802af97ed4797ed56b651b2802af97ed418bdaad6ca365005236e09e94e10851d2adeca3653039af1738b6f08eab274cdbb2e7fde1b7fad7cfd9af77f89b2f91e05bc50706578d01ff008186fe4a6bc18f4af6f2c56a6df7678b993bd44bc876ea375309a4cd7a7cc79dca771f0be7d9e2ef2f3febaddd31eb82adff00b2d7b4795ed5e09f0fe7f23c73a5b13c33b21f7dcacbfd6be85d95e0e64bf7c9f747b9973fdd35d9948db863d2944017b55cd946caf3cef2af97ed4797ed56b651b290157cbf6a3cbf6ab5b28d940157cbf6a3cbf6ab5b28d94019f3c3b9578ef4470e3b55e78f77142c58a770238d31516b1a35aebfa1dee9378bbadeea2689bd573d187b83823dc0abca98a95571480f85f55d36e346d5ef34dba5c5c5accf0c8074ca92091edc6457d71f097c4c7c51f0fac2e27937dddae6d2e093925900c13ee54a93ee4d78afed03a0ff006778de0d5635c45a9c00938e0c91e15bff001dd87f1ad4fd9c75b30eb9ab686ec765cc0b71182780c87040f72181ff0080d219f47d14514005799fc76d48d87c2ebc8870d7b7115b839ff6b79fd108af4caf15fda42765f0a6916e33b5ef8b9e7bac6c071ff023401e15e08d33fb63c73a1e9ec9b926bc8848bea81816ff00c741afb708af933e065a0baf8a9a7b91916f14d2fe3b0a8ffd0abeb4c50030ad34ad4b8a314010edaa505c2b81cd69e2b87b0d55580f9a9a57133b15c30a5db59b6b78ae07cd5a51c8ae3ad0c036d1b6a5001a5c52190eda36d4d8a314010eda36d4d8a31401e65f19a6f2fc2d670038696f14e3d4056fea4578b95af57f8db3665d0ad01fbcd2c8c3fef803f99af2f68ebdfc02b515e773e7b3097efac55229a4558295195aecb9c8a45ef0e5c7d97c55a4ce4e152f222df4dc33fa66bea2db5f266f6824495386460cbf51cd7d6b13acb0a48bcaba82bf42335e3e64bde8b3d9cb5e8d0ddb46da9b1462bcc3d321db46da9b14628021db46da9b14d2428e680232b8a8a475406927b855079ac6bcd45541f9a9a4235ad9c4ad2639db8feb56767b562786ae85dcb7a01cedd9faeeff000ae87143d011185a5029fb68c5219e3ffb44699f69f0359dfaa65ecef1416f4475607ff1e095e31f097513a67c50d0a6cfcb24e6dd86700f98a507eac0fe15f487c5fb4fb67c2bd7632325225947b6d915bf9035f28786276b5f1668d70b9dd15f42e3070722407afe1401f745145140057887ed27ff0022ee87ff005f6fff00a0d7b7d7887ed27ff22ee87ff5f6ff00fa0d00783f87bc49aaf857523a8e8f722deefcb31894c6af85246701811dbd2ba8ff0085d9f10ffe861ffc92b7ff00e22bcfe8a00f40ff0085d9f10ffe861ffc92b7ff00e228ff0085d9f10ffe861ffc92b7ff00e22bcfe8a00f40ff0085d9f10ffe861ffc92b7ff00e22b1e3f887e2a87fd5eaa57fed8447ff65ae5e8a00ece3f8ade368bee6b447fdbb427ff0064ab0bf193c7cbf775f23fedce0ffe22b84a2803bf1f1afe210e9e21ff00c92b7ffe2297fe1767c43ffa187ff24adfff0088af3fa2803d03fe1767c43ffa187ff24adfff0088a3fe1767c43ffa187ff24adfff0088af3fa2803d03fe1767c43ffa187ff24adfff0088a3fe1767c43ffa187ff24adfff0088af3fa2803abd5fe20f8935fb986e356be5ba9610563630a260139e8a003f8d671f13ea67fe5aaffdf02b1a8ad635ea4572c5d9194e85393e6945335cf893523d655ffbe4521f11ea27fe5a2ffdf22b268a7f59abfccc5f56a3fca8d57d7ef9c60b2ffdf22ba88be32f8fade14862d7b6c71a8551f6480e00181c94cfe75c151513a929fc4ee690a708fc2ac77fff000bb3e21ffd0c3ff9256fff00c451ff000bb3e21ffd0c3ff9256fff00c4579fd15051e81ff0bb3e21ff00d0c3ff009256ff00fc451ff0bb3e21ff00d0c3ff009256ff00fc4579fd1401e81ff0bb3e21ff00d0c3ff009256ff00fc4535be34fc416ebe20cffdb9c1ff00c457034500770ff17fc7727ded749ffb7487ff0088aab27c4ef184bf7f5827fedde21ffb257234500767a7fc55f1ae96d2b59eb262f371bffd1a16ce338fbca71d4d5dff0085d9f10ffe861ffc92b7ff00e22bcfe8a00f40ff0085d9f10ffe861ffc92b7ff00e228ff0085d9f10ffe861ffc92b7ff00e22bcfe8a00edf52f8b5e36d634db9d3b50d6bed16973198e58cdac2bb948f554047e06b99d07fe461d37febee2ffd08567568e83ff230e9bff5f717fe842803eeea28a2803fffd9),
(2, 'tobber', 'tob', '2014-03-25', '2014-03-21', 0xffd8ffe000104a46494600010200000100010000fffe00042a00ffe2021c4943435f50524f46494c450001010000020c6c636d73021000006d6e74725247422058595a2007dc00010019000300290039616373704150504c0000000000000000000000000000000000000000000000000000f6d6000100000000d32d6c636d7300000000000000000000000000000000000000000000000000000000000000000000000000000000000000000000000a64657363000000fc0000005e637072740000015c0000000b777470740000016800000014626b70740000017c000000147258595a00000190000000146758595a000001a4000000146258595a000001b80000001472545243000001cc0000004067545243000001cc0000004062545243000001cc0000004064657363000000000000000363320000000000000000000000000000000000000000000000000000000000000000000000000000000000000000000000000000000000000000000000000000000000000000000000000000000000000000000074657874000000004642000058595a20000000000000f6d6000100000000d32d58595a20000000000000031600000333000002a458595a200000000000006fa2000038f50000039058595a2000000000000062990000b785000018da58595a2000000000000024a000000f840000b6cf63757276000000000000001a000000cb01c903630592086b0bf6103f15511b3421f1299032183b92460551775ded6b707a0589b19a7cac69bf7dd3c3e930ffffffdb004300090607080706090808080a0a090b0e170f0e0d0d0e1c14151117221e2323211e2020252a352d2527322820202e3f2f3237393c3c3c242d4246413a46353b3c39ffdb0043010a0a0a0e0c0e1b0f0f1b392620263939393939393939393939393939393939393939393939393939393939393939393939393939393939393939393939393939ffc200110801a201a103002200011101021101ffc4001a000100030101010000000000000000000000010205040306ffc400190101010101010100000000000000000000000102030405ffc400190101010101010100000000000000000000000102030405ffda000c03000001110211000001fb8285f2b338bdd8ebe4f6e8f4ccf698cc698cc698cc698cc698cc698cc698cc698cc698cc698cc698cc698cc698cc698cc698cc698cc698cc698cc698cc698cdebf5f13575be33a7cf7eade5ebe0d80f99d4c0f6e63b9d3da411c9281281281281281281281281281281281281281281281281281281281281289299fa95db8bea7e47670d61e1dfcdf83a3ea73ea8b470d556155b4f2ca6a669559a5561558556155855a7e7cdc0b3a2ab0aac2ab0aac2a9ad4a94b3d9cfd243571317d9c15ed34633877b815dd1c43b6786c7a452353eb19af9dbc7eae7eaf767de2ce36ab0f5d1e7b79efb66f7f89c0b3d12ab0aac2ab0aac34fcfd3cfcb7391e7eb9eae6f3d4edf3e369d34f155e86a556555615eee3ae6fd57cf71fa7342ced2ab0aac2ab0accc958bc1d0b395e7eae7e93de2d1c6c27d8ede3edcde37dfab3f44ca7bf8f6909109b14bf7df95caf0dce4dbdf9fa79f9b116bfbb3e4fa4cfe372fd75fab2f9df3fa6e0ac87a6c749911f44e17e65af95e8955bb2b85f4989cdccb6a6d92fa3c9c5e3f5ddbf37cdd7e972f6ce999ed2b1783dd6737874f8749eb1672b5ece5d0c5ae775f394d2e0e82dc7a5875efe3e6ef99dbe0d3e1ae7c5b3b48d8c8f1b3e9b97dfc3c9ac7f4adfdb9dd89e4f06a32fcbd7db9d1efc1def3ebc3ca71773d7473add66f626de6f9f59fd9cbd7e8ceae2ed6379f5cda99ba7da76d6d83e7bedcf5b7af3afd387b9e5d60d3b397d59ac5e2bdd2e77cbdfcbdcf58b473b7ecf1f6e2e2f1e9af5715bae353b72f539b95cb59eace97ac57c9ac89b3d79aac363c7dbcbc9acab2debcece768f0f975c0b3d598dcc6d9e1acee3efe2e92b336dcd9e0efe2f26b3fab9fa7d334b235f2b85e7d1e0d0eb3ab077b172aaced2db391afe7d6771f6f27591178dcf5598be5efe5ea7ad2938684ce5f2ba4c2769bac21bccbd5e371e3ab9fd134eab79ae52cf54aac353cbd7cfcb736cb7aa6af176f1f9af12cf4c6be56af1bc5c7dbc9b95b2db6af1f67279af0f4f874779df99a79bcaf877f1776e7463ec64e6d567696d5ccd3e178397b39bacac5e34f459879cccd57af9b439db6577f11559d255614d5cdece767835738f6ebcdd2c332bdfc7d652d7ec96fe5ede3c5c165bd134793af9785e459e88d3ced1e579397af9b6ad96d4d1e5eae6f3de3e8f1f7ed3b33f43879df0ede4ecdbdf2b57332aaceb2da39fa1c6f1f3f4f874958bc697598b55964f6f05337dfc96aaacb2ab0afa56b2e872f3da23d22ba9a0cebf3bddcfcf15dd5e29266636efe6e6b6059b91dfc3e79bd3e0b556655ddcfcb6c1eb4ae9a1c5e5788e9f0ad6867d7d22ab351ddc14cde8f15aaab2cb259b0f4ac5561559555855615585561558556155855615585561558556155855615585561558556155855615585564556b177ab9da797479d9e6baa8b8a2e28b8a2e28b8a2e28b8a2e28b8a2e28b8a2e28b8a2e28b8a2e28b8a2e28b8a2e28b8a2e28b8a7a47ac0668145e2aab0aac2ab0aac2ab0aac2ab0aac2ab0aac2ab0aac2ab0aac2ab0aac2ab0aac2ab0aac2ab0aac2ab4810000544a1528128128128128128128128128128128128128128128128128128128128128165516000a5bcea50b2502502502502502502502502502502502502502502502502502502502502502502502d7f2bcb611e75370000000000000000000000000000000000001303d9562f98dc8afa7a9e13300002264f39e8f32b130567de639adefe55e73ef079c48a4f450a022b7f639ed7a089149e8a1489b1e56f7f222b6b9e37f6f1008afa7a9cf6b5402410911ede57879fb7884aa1222f4f68797a79cb1ed4b9144593e9e527a56d5cdf39373d697a66d12d47af97ae6d297ad91257ad2f4cda5a2d65fcbd7ce5afa52f65bc7dbca584b51ebe7e99b4a5eb642544a225256d305fcfd225f27a2cf37a0afa44cb4acacbcc337cd2d4848f4898cdf39353d297ae6d12d48f5f3f49695bd6c848f4adab9b4b44ea5fcfd292d6f5b25bcbd7cd612b1e94bcb4adeb642412124a48944c11059555a2622a955a25144ac8496d131154aad5b44552a8bd6d158b454245a2622b29a9adab11689a9a5ea4242d5b4562d1509004931091120891090891004c4909811320100989159981211161048891048898131222440a491000009000000000000000000000000000000000000000000000000000000000000000000000000000000000000000000000000000000000000000000000000000000000000000000000000000000000000000000000000000000000000000000000000000000000000000000000000000000000000000000000000001fffc40029100001030304020301010100030000000001000203101120041213322131303350221423408090ffda0008010000010502acbad6b53f5533d124fe48b84cd4ccc516b5a50208c1ee0c6ea350e98a6c6e721005c4d5c4c5c4c5c4c5c4c5c4c5c4c5c4c5c4c5c4c5c4c5c4c5c4c5c4c5c4c5c4c5c4c5c4c5c4c5c4c5c4c5c4c5c4c5c4c5c4c5c4c5c4c5c4c5c4c5c4c5c4c5c4c5c4c5c4c5c4c5c4c5c4c5c4c5c4c5c4c5c2d4612ad6504ee84c723646d753372bec9915bf35cd0e4f616982530bc1042d6c9b58a265bf3dc37022c7432785aa76e998dbbbf26e16e6adcd5bdab7b5723572354a41503b64a8f9308c7dae2623136df1b636ed958d0cf8f705bdab902e55a63be4e3629c96cb73f273d21c61177d25167fc4ce9374c77357205c8b7b96e3968fed5a9fbbe6871847f333b6c6c76e6cc3c7c4ceb374dc02e40b90adcef9097b5726a90dc7e787102c273e74e511719ec7270da8c8147d355f5622379458e6e02279458e6fc6012b86445a47c116110bb938ddec36914a2cec183796b436b240d7260b3355f52677da16a5b77450865678410012628432b3c208a6947fd36853fdab4a06c2d16861de9ad0d08f953c3b738b0887879dad08a69bb651e117008bcaf2e2c68636695b0b4eaa77a6eae66286664c16a7ea4ceeade67d43215fed9969b5026a3220c74fa8642bfdb315a6d489a93376c8b4bf629fed5a5e8bc344bad00ffb660a099b3353dbb5d8c580f026ac27c1f21d7bd34cdfe94a7965a1696961dccd47d699d96a66e263594678956a66e26359e533c4ab543fa5a6fb14df6ad2f55a894cee0d0da41fcceb523fe98c7560fe93fcbcb8045c54276ccb50db3e9a7168e4368c0b0ab3a6a3eb4decb543faa0f6b543faa0f6b554d3fd8a6fb169ba9f4058523eeb53db18eb18f0b86eb802e00bfce2938bb2917d737d7833a4ff005a6f65a9a8f6b5351ed6a69a7eea5fb169fa9c23eeb51db18e85c87817b2dcd5b9ab7356e6ab828f94458a8fa4df5e0ce93f44decb5151ed6a2a3dad4520eea5fb169fae11f75a8ed8b4d9137518bbd6a7fb7f12e25c4b896986c7a987f4a1e8fe9833acdd137b29ea3da9ea3da9e90f752775075c19dd4fdb38453de3e97b528bb54068458d1a2e47812f44deca7a8f6a7a8f6a7a43d949dd43d706765376cda2cd94d999427f8445883b5ca466e5641a4a6b76d25ea87b53547b53547b53522eca4eea1f5833b29bde4d177297b651787a9479b28a4b612c9b537ac9d50f6a5a8f6a5a8f6a5a47d93fb28bd60deca5f791babc885f32af221ba845d02f62e672323dc836caf221beb7910dd85e4437617910dd437579179a1dcaf2637910bfeced4ef7fa40794efd368adbff00424fea1fd3143fa63f5af85fe1ba06b75672f229757add0c2e861742b7a92af8dd0cc50fbc87b4ea017c0b50f47d55d8bb175050fb4dc451df0bbd64dcaeaf5383b1762ea0a1f69b88a3be01f09a37114381c4e2682868333f00a1f780f68d06670389c4d050d0667e3b0560ac1582b6272381c4e26830199ffce389c4d060333ffcebffc4001b11000301010101010000000000000000000001111040203090ffda0008010211013f011bc842108421084210842108421313d7d2be9382f25e4842109b32109f178bdad78c5ab81e2d78c43c5ee97e4bcbc78bf017ffc40029110002010304010402020300000000000000010203101112132131320420404122514261143070ffda0008010111013f01297a55dcccc21d1ba8dd46ea3751ba8dd46ea3751ba8dd46ea3751ba8dd46ea3751ba8dd46ea3751aa12eca9e953e60358b7a6a7fcd939fd2f8f19e0f534f2b5ab78c6f29a8919eaf76eace3df8634d2c94e5ade11b66d9b68d08d08c71836a44fabcff296083c4bdcbc8c3343341a5185792d4b053a0e9bce7fd13eacde0a7de4a9c3c89e6eea90a8bf911f33246bea7825ea3f442be7864ea281fe43fd109a92252c2c90abade09cf4ac91ac9ac8fd47e8857d5c3f64bab4df043a27d14b914515a5ce0a74e315cae495384ffa21c48645393c2234e11fecad1517c14e9ebfca64e106b8451789153c5943b2b7894e0e6c50a6b8c1562a32e08bcabcbab49f22944dc8630537895bb999b47c8652f2b5629bfc6d4fc89f8947b2af8947eed5bb21e377d18c76423a99b31fd9b31fd938e962794752baf2194fcad54878da9f913e8a5d953c4a56abd90f1f6547c14fabd4e8a6fe8a8b9232c929e08f768776a843ab43b25d14fb27d14ed508f5ec71d475c5fb143077c336dfd0a18ecd1f7650c73671d42e38b286391f228e91ac8a3a6ce3a85c5f3f272644fe4b77cfc7cfce5f25fcecfb736d464cdb36cdf36cdb36cfb58aec433062eacc5656431598bda8c991fbd59dd590c567ff005cffc4002e100001030400050402000701000000000001001031021120211230325171224161810350233342526290a0a1ffda0008010000063f027b50388aeab785b24fea7457593e55bf20e1f95718f15474bb53d9f65a142850a142850a142850a142850a142850a142850a142850a142850a142850a14285eeb5b6d4765c54e1fe221ae67f5bb6bfb7bab886e01fd4d7fd7d9591fc67e9aaf8d7eae54852a54be952589472851cc1a5a1cc9785623d942a8085279c71f1ce1e3396869cbe9aae79c6e8f740abf2c786979e67f0cd8afe6157acdeae79c6ca9a7ed1a55b910b61a9f19ea92b749c3a4add2797a0ba0ad8b720e55143e759e969f5a2a91f0e3ca80a91485dcbf1532ac177a9f8a997fa50154c75eea02b9e95602cdb5c54c6670ba25c1c6cac15ea5e9f485eba6e17a67b603cb5d77abb2d502de1588b54189eebbd5d96a816f0ac45aa621be9aa63e5bb00adf8e9e2f95ba05bc2b89f70c4647101cd3d9b6e6aecc6a30341f8e8d541535770e3cb6ba8c2e2ab7535157cb6ba8c2e2ab7535157cb06fa6a98f96e1a7a07fead3023df4790712e3e74d7ef8547e31a7c38f2d4970d4970d4b7d3163e5acf4f961e397d4a54aea2d7ece11c69f0e183860e1a9c0b1c6961cb90a4290a42d35982388f0e183860e1a9c0b1c430e406b7652a54a956fee6bf7608e23c386188c46058e2187209627be37ed810d67b60186231181638861c93f3acedd9c16f9cc30c46230398e5819f96bb7055f58587521e1c30c46230398e4e94adce7a952bd4fad85d2bb34ad9795eac257ab095ea6d295b6f49538694af57fa91d7ed3e30b8ff00811fffc4002a10000300010206010403010101000000000001113110212041516171a1f03050b1f18191c140d190ffda0008010000013f21d1b4956e22df717239857a6d3d983210842108421084210842108421084210842108421084210841b718bc18043a6e33a1d1810989a7cd70b740842787ff005a6e922eace60676dff67c8cf919f233e467c8cf919f233e467c8cf919f233e467c8cf919f233e467c8cf919f233e467c8cf919f233e467c8cf919f233e467c8cf919f233e467c8cf919f233e467c8cf919f231bb102f906cd1a8cdcabcec29b36fc6ada4abc0edaed3fd133710ae77eda49108278e4c906ef87514dd5955a49c99782125e5e3ede9630f73722cc31be8ec6d821227da7b0fecfd91da68be64773d1e421bc8e82ddf47ee8e9bcdc29364973140b2d2593e9baf7bda45941dfa8d3c83eb7a1f2d31f47b9b369b8ed47171308fdf15f5642108421043442fae9887c1be796b73a3dfe9fa23f3f0e3235720f969b1bf20ddcd21b79f8bf3b4f6fe921ad61870a7dc18caec477bd175e8fa7e98fc83ca41f21363e52486ee6324210842108420aab3aa8fdc8c9dc19642108421084121a2690c380957081d05ba4dc6c749d5fc963a86a39c504ce71895c9783904d8d5dd50cfe510842104b62f06387f04210c17f518e8bc1084210842108348c6fb1fa0337f922104884d71e041edbe9e488bf82d796e69baf5df8768c16588367f3aadaabd6398652232795a27f48fd319dc77027afcbab4262652e62d22b62b4df93a6ad098994b9ea87bd51fa6124968e5518a5f886729f910c9344491135dc5a7f3974d170430e049fa8eca2122484db6cf23b92a96be9a736be06b0a092f9362c17f5992e63eaabb0bff46db1e285c344cb656993ca21e8b48c1b9b23f006c77f9232a749bae8a9e5b6ec8d91f80362ff003465093e5d748c63289c094d6bb143fa374675604c577c88c6d4c9c869351e19d8d62d2690c354160ba0fb75ddd7cc1e98945d4dc26dd108598f0d3269d1210496f603da28d0e19fc904feb69d49b6a6e36d376d9059b9d8fc3db4ea4db4370da6edb20b372a1f87b69b8f627009354607cccc2888417145a4857542442134c75593b6fa355d363ba0d763b656bfcd3b0b76bb875749c65342025cb83d61f934f5da25f3493d7dcd10f9a49ebef69fe9c71e64f02d498d53fa9c1935860f5933eba3e631df9df98221a7569df021049e13f1ff002421087a83f310f7d69918417fbb4c8c20bfdda7fa10fc3ad87bc60c8421ed69eb6b34860f442d96ec58a1a64d2f27ee8fdd1fba3f742c827e04869e18c637221e99b8610843d11f9487bba64610f7b4c8c21ef69fec43f1ea61ec0f0c8421ede9e81084d20a4747f623c637d165712fb27f527f527f527f5326a93de93241af6a8b53d884210f4c7e421ec69998417679d333082ecf3a7fb90fc5af87b03c321087bba7a1acd26b35d4db4b7d55210841e0996a269135866fbd3721f93d2ff41083548241743f310f634c8c209b3ce9918413679d3fd487e1d643dc1e190843dbd3d4d66b084a477904e185ba9b47ba8505d0e9ee1e9908365950c7a169dfae9f974f7b4cb560f3a65ab079d3fd74fc7c032f91e383dad30f8d26b0848d1ef41b9084210836c724d3f921d28cc9719702532b7a2f7f31a70f7b4cc421834cc421835a1f8b5d0cbe47821087b9a61f0421348422b7c6776264f58842108411cad13077633ecd5105aee6dcc1d643625b3b19d963a6cf390ccf79a21bf2c9dd94ca908783bb2995210f0776532bd08456f8ceec54ba8832e448eec8420ecea3bb2b956421349f75246210842108421084210842108421084210842108421084210842108421084210a268955210842108421084210842108421084210842108421084210842108421084210e76ae3ee295e18421084210842108421084210842108421084210842108421084210842104a71427dae13e8d294a5294a5294a5294a5294a5294a5294a5294a5294a5294a5294bf41bfb7de16fb8a7ab45f737d1f7fb9b6ff793711e22778db88f129ad3c0ec172213a788a9ebe235e0f11af0788d746e1e22756903c781e0f11af1e5a2cf2e35be3a746996c24963597e0306b2ce9c9c3c9c3c9a67a64d30e1c96997d04265d38d36bd747bb25d8c0dc284fcc4ee98e8b3a7270f270f2699f01870e4b4cbe863f4128a18689bb7a3ddead34c7459fa9f2e99e99698f0acad33e24b4cb4da2a2a2a2a3770388f1c2b08c7459fa9f2e99e99698f0ace99f12d268d279e1aa48b1a3d160c38560c3fe03968f3c659fa05aad294a55a3c6ab03c70a1e3fe01968f3c659ff81cf47aa1e389f03e17c2f45a3d171bfacb8571be07c2f85e8b8171bffbe70cfab3ff008a1fffda000c03000001110211000010e9b08638e38e38e38e38e38e38e38e38e3ad976f0632f3cf3cf3cf3cf3cf3cf3cf3cf3cf3cf7fc8fca40cbce32cb2cb2df2cb2cb2f35f78d0eb1ef9bf96200c7500000002f08d672c410568c1041041a713c765b36d3c77a8c4e09f297bc72873c2f6e2aeffbe684b6f1ff002efe5b7b1f4059a3dbbc76f31dfce494dc01fd0cf0c3055a43d0247b13a5d90de5830289fd04177c1fefbbf2ff00947e8a6db2bfbe531533a4213df7a42fd7ebff00ff00d53ca6bae9a16f5f255f95d220415b8471abe53e054a00a96e10281f2aa4cfbef3cf3cf3cf3cf3cf3cf3cf3cf3cf3cf3cfba399cf3cf3cf3cf3cf3cf3cf3cf3cf3cf3cf3cf3e7cb2c08208208208208208208208208208208271cf3cab0c30c30c30c30c30c30c30c30c30c30c16f3cc830c30c30c30c30c30c30c30c30c30c30c30d6f11cf3cf3cf3cf3cf3cf3cf3cf3cf3cf3cf3cf3c7e0c92c30c3157be9857443a635d10c11c10e1ac3071955c71e621a187e96cc5e6e5f33e214b1d93c73b6db31c5cf4efff000afebff35feeb78ffefd4d7fc6ec1e18cebe4b7f96fbafbed3ebbabace3e7b4f8e2b2d9adaa3be19a20ef265ba2ba6ae2ae316b8e39cf3cf3cf3cf3cf3c33cf3cf3cb1cf1cf3cf0c30cf3cf3cf3cf3cf3cf3cf3cf3cf3cf3cf3cf3cf3cf3cf3cf3cf3cf3cf3cf3cf3cf3cf3cf3cf3cf3cf3cf3cf3cf3cf3cf3cf3cf3cf3cf3cf3cf3cf3cf3cf3cf3cf3cf3cf3cf3cf3cf3cf3cf3cf3cf3cf3cf3cf3cf3cf3cf3cf3cf3cf3cf3cf3cf3cf3cf3cf3cf3ffc40020110002030003000301010000000000000000011011312021413040517080ffda0008010211013f103f13b7f54000029a3f597f04bebb563d751ae52b1aaf95d0bb1aa2cb2cb2e28295d21f6b97916596f82e876f814b1670a1a7e0f0a1d05fb19568b54243a0958e174e0a10c50b13d1b6c4da1e437436d8d6bb1bae909b4cc0b4c1a1ba2d8d686bb9508a6531aea3c9791893d8c0b61ae03d950dd22c584ec6792f21e49ec3c16c16f01ef04394310d090e1e421ec3c10c43843e175c6ee2c6cb8b8ba9b8bb30bb8bafbd5fc42bfc43ffc4002611000300020202020104030000000000000001112131104151712061407091b1f0a1c1e1ffda0008010111013f1049b71082ff0000b0112f5f8bff00ff00ff00ff00fef053f715687e06347be1497ec0f6ff001c73ce84770b7eb8eb5d21329328ad0a5294a2660294a528abd09fd0f4cb4208af24793ec3ee194bf19f50f989946717a1d265294a535fb133484cd897b625891a45295d5ca31323f45294a362651b32903625b0985d902651b8ab3c086dc435cf23854560424e28968c166762b0aa452f017810d186a6c41b7014d08c6c4ca39a4a0597e45b5e0596bc08178e908593edd0b30abeb4234a7e46c31236311c6abcbff456eacdcb1fcffc1ad41f4633c8c4d9fa1b3222c5d8822fdecf1abc9158994714b05546c6c6f2277d947d9e78534fb1b0c68a51eb4608de0d63e4367e86c87893d147a83e02651e884a306dc3fa51fd28c1a7498cfe5294d7ec6c1a0a3e50f80de0d0366366387d947c06c0a52918f22c66528b51f830b10af22504263636237835947ad0d88de0d63e63e439794a3d687c4a528fca8940a51e1073da87101fdc16d7f689d3c9168c7c914f3049146be484885d690ca798537a8910a5152294a5294a5294a5294a5294a5294a5302cea294a5294a5294a5294a5294a5294a5314f8294a5294a5294a5294a5294a5297e284210842108421084210842108421394ec8421084210842108421084210842104ef84a2fc9847c355d16e79b04af10c6d9f44257b275384af1386884ee784af10b04afa1b99123e1a2e8b73f0d47c72d8e2fd0910d3a16f8db9e9c6c3d1b9a7c3d396cb468c8206ac58476528b65362f05a29b0f5c34e1782d17e0c888229d94a7651146228b6310c45188bf345194bc5e28c4ca2e10c4f87c5fd24fffc4002b100003000004040602030101000000000000011110213161415171912081a1b1c1f0e1f13050d14090ffda0008010000013f10c189042adb7121f4639e2f9f1fb98f1d61c0cbe7afa8f2bce6e7fd4800000000035a3e6cd0f1486cfd731aaa5e6b7f95ea281b54ca9f857615adbf65b8d0adade4bd77e6641624ac15d4b6c84be3798de771bcee379dc6f3b8de771bcee379dc6f3b8de771bcee379dc6f3b8de771bcee379dc6f3b8de771bcee379dc6f3b8de771bcee379dc6f3b8de771bcee379dc6f3b8de771bcee379dc6f3b8de771bcee379dc6f3b8de771bcee379dc6b466ccb2d69c9e4c78691c1a1528f79ec9f4e4cb346c9a7ab7278b1312455b7c111ced36733708486dbd1215242e5704432455b956e55b956e55b956e55b956e55b956e55b956e55b956e55b956e55b956e55b956e55b956e55b956e55b956e55b956e55b956e55b956e55b956e55b956e55b956e55b956e64433b8e4d6a8d5037982edb21cb7fa84aa44c5c53c1ec13b45ff007fdc0b4afda220dd21084210842108421084210842108421084210842108421084210591a89a6a7e86bb0ddc7e786bb9715df3f3783dab5bd8d7d6995f95afa0a145a0d5210842108421084210842108421084210842108421084210716ad2eac69d53e41a3fc0359cb87b31ef3cc25f1f71b9d837ba7275701ba522ae8793f7c18e3573799d2aa77fd0f421082cacda21044d1b4b5af3162a6271d7931b26d351ad48421084210841391b26ebd60dcbc0ad64210842108420e255c4b7350ef89f1be8c25abf247e5021eced19eb91fbe6300b892386486fd7b81b756757fc0013232b07d488277d09910842032c93bb8635eb92f92108421084210fb4e46b74108420e256496ecd65dd3314f628704aeae9a27408d4bbb075badb6f721084123fdb3582769ec8842108421082ea6432130277d0d10842db6afe8beb18dc65e7bc9084bc26d727c57725babc7d190842108421087d67235fa0f6a598bff803beb999acaba643ad5b6deffc600669ae52387e9226b1a89d6ff8801a864609813bc86b22106a1156dc4297689094695ec2f922ff00c57e5443ed120c6328d38c8421082a712ac41579aa1b9866c25eb99191d2af45e3502f05b479131655fcdb4efe0096beb9b8165e666d3bff00180084c2e095945724358cb717801e4c10827790d108553596171b53f2593de9bd8799a7aaf5c2822cbf710841c4abc96e5775d03444622f16d5e2e5c206946ea84331a16e960a8592d55f21fa40d54cd1249741516b8ecb25d3159552a59274e631a351242cb5c46d3a31595ce689365cc84189292b26af147e902d04249a892d9107a3ae657823620f807f9ea7af1e83a6105af5e7836b83549531a1117f396c4106b221302f710d10873c1f2e88e73b275e1ea7172218df4266dbad05a8d15d0475d5fd19a1cd0e434093bb2c26dc55887b25abe6f8b195cdb796b9c74e1424bf5d4243e26b4eeb2f41a594386ff45be0b7022fd4e38362324a89f242dcf72a9f9f9be0437702f714cb605775273582804d8f802dcf72a9f9f9be04ad70af714ca60d7752735fe6084c8efc878123757bac16f517b2c0b3e8d10d54d3d1894db91c4887e8073357916afd0e3421af7146053cab19b7cadc6242688d3e28e9b4ba70106b2c13027710d1054d25ab12bf82154798e8bf3084179a56c95d3317ad12c744835b9b1a6b7588b48c92753fc7be1a8c66b48b57e6f118c9ca96862d533538369316f4b83e99c70422139d4f37b21b60eea11e0465044773cc5ef70422139d5f3e886d03ba8678119415773cc5ef875acf67f9c0b1fabe305bd45ecb02cfbb446832abf17c5fe72ee4e05cdf1783438da968f2a9f75874d6fdd7c603c98905ee21a21b3b330e5d2a5f2cdfabf432a4eb9232f4e76289bcd5b9ebec6bcf0c88b27bb890849e6be1f0335b0754cbd45e824888421f6dc91afd0417ec71c1c45502dac2104d2d6277c1e45502dac2104d0d6277c1337fad082e6eaf8c17bebd910c9f76885abe6c221884214eb9eb825fbb56243c842605eea1a21b828b05d5f5b6e24ab67ea51fa943a3200c4964d3ab0c9cb36f971c481ea37dfa3c21f51c8ccdd1813e971c12f4dfc6276a7be097a6fe313b53df05bf6e58123f5fc60bdf5ecb02cfaf447a27e00bdae0b7ebd5890d609813ba868ed2487b2d52cfa8a935af4a87e8e7e8e7e8e7e8e58c975aa273522335d4669e074e3ca848ba7baf087da72333f4604ed7df05bd37f188bd860b7a6fe3117b0c12fd396048dd7f182f717b2c093edd11e9bc013b3c12fdbab107813031f89e48c9bc844e706af2c335759e5c5f84bb9bc1bc1bc1bc1a9ed1693266bd2e119344f55f560dd4c8fbb3af07dbc21f59c8cefd1817b3f7c16f49fc6276360b7a4fe313b1b05bf6e5816375fc60bde5ed8167d3a1e9bc013b1c16fd3a890d6098121a28bc5036926de49099adaff2f0f49e1077c092f90f2aa2a7b14e337fcb06b5aa697a353e3d46934d3cd31ccb8a626ab0f57c90943a22485add1813b3f7c12f49e276b6097a4f13b5b04bf6e58163f5e097aebdb02cfa743d37802f6b82dfa751226084c4e61a59f51e927321e7f8a28492d1108426082fa8fcbc3d20898d9a6a31ec75685bf27edbe3df0832e3d47f1cdba1867ce6f425d66dae0cefd0417b4f7c16f459082f6d82de8b2105edb05bf4e4412375609ddf82093eed0d6e842104ecb04bf76a4c1098933c13af0e5dab7eaf25f3e302bfe697e3db08a26899f514fd06a19481e46e8d727e0629651259f98d6b730f9b8666eab02761825e83c44ee2c12f41e227716097bfe302cf3b04ee7c60582d4e9e009db60b7c084c46cf4dcaae47ee50ea6e319b7e302734c5647ee51759d455e982235707c84191344d55fe90e27cd08e29dc527ab156cebab620c945792ad088e516f03489b69c1d4fdca1eb565a5788d349f1703f7287ad59695e234d27c5c0fdca1ef58e2783327735723f72890ddbe36f03b4b8823e27323d578022b368ba3dcfdca1d6db7815f016220e1b5c884210842108421084210842108421084210842108421084210842108421084215c8eaacff00b30000000000002437c2626abfb3000000000000215fa2c352cdb8108421084210842108421084210842108421084210842108421084210842174128a2d31693518e7faf00000000000158848bc4f02108421084210842108421084210842108421084210842108421302fe03697f5a000000000009af1f24a5294a5294a5294a5294a5294a5294a5294a5294a5294a5294a5294a514f435f055c5a14a5294a5294a5294a5294a5294a5294a5294a5294a5294a5294a5294a529379e98f587fd9d14e2b0a3edfd9c97b60dd6dff6ecea53ed496e9e3ce0fb5333949be0da4abc914463f22bc5e83d573a084a870dae07cccb24f3c1b89be47da99bca4c5e48fb53379498bc91f6a66f293096ca7da901e970a64a7daf81a33e47da91b7278de2f27911724496b44f55e381744a45c90d9a4eb839f31269b886224b6c1aba9cab3510db16690ab816b8687522e484ce162b55d48b92133858ad57522e484e05cf05f4917242e022aab88d28f25e04ef117242649cbc50d06a93e65b98d7c79ce67a60f463674bc5e7d04922494485aee37f1821cc84254687bf86875c35625aaeb86ac4b55d70f930f6f0d6c353a8f47e0f5586874fe07d1c86aa69e8c4a64f559785e996af4202705078fbe587a0307a3c69db8f81d0eb86b58ad561ad62b55e0bd9c3570d6ea3d1f83d761a5d3c1085131a83cebc218de49e66e1b86e1b84ab8a59e0d5a5c8824eb1e374210843d260c13275c35a2104b3586b4420966b1a1ece1aa4353a8f4210869f5c343a10842105d46a993342cd1362c36bd4daf536bd4daf52cc4b8666d90d235484210d0e98104b3586b4420966b0d688412cd61c04c6d621a58f42108264eb86b5d0842109e068c23991cc8e66e60e210d035884210d0ba61412cd61c0420967870108259e1c0413026621a1e108413261a91084c20b15ae0d66420954c33b210d06a610841688d0416b8709098f09098f090d586a6434e3082d561ac84262bc2f14e3e3499781688d1e04b9e333c12e78ccfc0d583d7c09315aac357860bc2fc5098b548412983213162312c588c4b064160d10586b8231298c21084ff9a13f9213c13f82108427fe09ff00ffd9);

-- --------------------------------------------------------

--
-- Tabellstruktur `contact`
--

CREATE TABLE IF NOT EXISTS `contact` (
  `competitionId` int(5) DEFAULT NULL,
  `contactId` int(5) NOT NULL AUTO_INCREMENT,
  `club` varchar(100) CHARACTER SET utf8 COLLATE utf8_swedish_ci DEFAULT NULL,
  `contactPerson` varchar(100) CHARACTER SET utf8 COLLATE utf8_swedish_ci DEFAULT NULL,
  `contactEmail` varchar(100) CHARACTER SET utf8 COLLATE utf8_swedish_ci DEFAULT NULL,
  `contactPhone` int(14) DEFAULT NULL,
  PRIMARY KEY (`contactId`)
) ENGINE=InnoDB  DEFAULT CHARSET=latin1 AUTO_INCREMENT=32 ;

--
-- Dumpning av Data i tabell `contact`
--

INSERT INTO `contact` (`competitionId`, `contactId`, `club`, `contactPerson`, `contactEmail`, `contactPhone`) VALUES
(1, 22, 'SebClub', 'KingKong', 'a@sg.se', 91),
(1, 23, 'Annasklubb', 'Hannes', 'hannesingelhag@hotmail.com', 9181),
(1, 24, 'Norrköpings IF', 'Emma Pemma', 'tomas@hotmail.com', 765426),
(1, 25, 'Annasklubb', 'Fredrik Johnson', 'fredrik@fredrik.com', 776655),
(1, 26, 'Hannes FK', 'Emma Pemma', 'hotmail@hotmail.com', 2147483647),
(1, 27, 'AlexKlubb', 'Kristina', 'kristina@mail.com', 43214),
(1, 28, 'AlexKlubb', 'Kristina', 'kristina@mail.com', 432134),
(2, 29, 'Emmas YK', 'Maria', 'Maria@mail.com', 654215),
(2, 30, 'Emmas YK', 'Maria Nygren', 'Maria@mail.com', 9887766),
(1, 31, 'AlexKlubb', 'Tobbe Lito', 'Maria@mail.com', 77665);

-- --------------------------------------------------------

--
-- Tabellstruktur `disciplines`
--

CREATE TABLE IF NOT EXISTS `disciplines` (
  `participantId` int(255) NOT NULL,
  `class` varchar(10) CHARACTER SET utf8 COLLATE utf8_swedish_ci NOT NULL,
  `discipline` varchar(50) CHARACTER SET utf8 COLLATE utf8_swedish_ci NOT NULL,
  `SB` text CHARACTER SET utf8 COLLATE utf8_swedish_ci NOT NULL,
  `PB` text CHARACTER SET utf8 COLLATE utf8_swedish_ci NOT NULL
) ENGINE=InnoDB DEFAULT CHARSET=latin1;

--
-- Dumpning av Data i tabell `disciplines`
--

INSERT INTO `disciplines` (`participantId`, `class`, `discipline`, `SB`, `PB`) VALUES
(81, 'P7', '100 m', '', ''),
(82, 'P14', 'Höjdhopp', '', ''),
(82, 'P14', 'Längdhopp', '', ''),
(82, 'P14', 'Kula', '', ''),
(83, 'P14', 'Höjdhopp', '', ''),
(83, 'P14', 'Längdhopp', '', ''),
(83, 'P14', 'Kula', '', ''),
(84, 'P7', '100 m', '', ''),
(84, 'P7', '1000 m', '', ''),
(85, 'P7', '100 m', '', ''),
(85, 'P7', '1000 m', '', ''),
(86, 'P11', 'Sträckhopp', '', ''),
(86, 'P11', '400 m', '', ''),
(87, 'P14', 'Längdhopp', '', ''),
(87, 'P14', 'Kula', '', ''),
(88, 'P17', 'Trähopp', '', ''),
(89, 'P7', '100 m', '', ''),
(89, 'P7', '1000 m', '', ''),
(90, 'P14', 'Höjdhopp', '', ''),
(90, 'P14', 'Längdhopp', '', ''),
(91, 'P14', 'Höjdhopp', '', ''),
(91, 'P14', 'Längdhopp', '', ''),
(91, 'P14', 'Kula', '', ''),
(92, 'P14', 'Höjdhopp', '', ''),
(92, 'P14', 'Längdhopp', '', ''),
(93, 'P11', 'Sträckhopp', '', ''),
(93, 'P11', 'Kula', '', '');

-- --------------------------------------------------------

--
-- Tabellstruktur `participant`
--

CREATE TABLE IF NOT EXISTS `participant` (
  `contactId` int(5) NOT NULL,
  `participantId` int(5) NOT NULL AUTO_INCREMENT,
  `bib` int(255) NOT NULL,
  `firstName` varchar(50) NOT NULL,
  `lastName` varchar(50) NOT NULL,
  `birthYear` int(4) NOT NULL,
  `class` varchar(5) NOT NULL,
  `discipline` varchar(50) NOT NULL,
  `prio` tinyint(1) NOT NULL,
  PRIMARY KEY (`participantId`)
) ENGINE=InnoDB  DEFAULT CHARSET=latin1 AUTO_INCREMENT=94 ;

--
-- Dumpning av Data i tabell `participant`
--

INSERT INTO `participant` (`contactId`, `participantId`, `bib`, `firstName`, `lastName`, `birthYear`, `class`, `discipline`, `prio`) VALUES
(24, 82, 15, 'Hannes', 'Ingelhag', 1989, '', '', 1),
(22, 83, 10, 'Emma', 'Edvardsson', 1989, '', '', 1),
(28, 84, 20, 'Fredrik', 'Johnson', 1992, '', '', 0),
(22, 85, 11, 'Alexander', 'Cederblad', 1992, '', '', 1),
(22, 86, 12, 'Philip', 'Burrdige', 1989, '', '', 1),
(30, 87, 0, 'Maria', 'Nygren', 1901, '', '', 1),
(30, 88, 0, 'Seb', 'Le Seb', 1902, '', '', 1),
(22, 92, 13, 'Maria', 'Nygren', 1988, '', '', 1),
(22, 93, 14, 'Maria', 'Nygren', 1988, '', '', 1);

/*!40101 SET CHARACTER_SET_CLIENT=@OLD_CHARACTER_SET_CLIENT */;
/*!40101 SET CHARACTER_SET_RESULTS=@OLD_CHARACTER_SET_RESULTS */;
/*!40101 SET COLLATION_CONNECTION=@OLD_COLLATION_CONNECTION */;
